"","x"
"1","jane doe"
"2","lau"
"3","cooki"
"4","riot"
"5","enrith"
"6","Paulsen"
"7","Fez"
"8","adolo"
"9","phantasm"
"10","silvo"
"11","seraph"
"12","kl"
"13","Sky"
"14","yewl"
"15","feyn"
"16","Doge.exe has stopped working"
"17","Shupah"
"18","Dip"
"19","Rei"
"20","AiShou"
"21","myyyst"
"22","SPACCEE"
"23","Halfwrong"
"24","down"
"25","takeyon"
"26","Daz"
"27","rohan"
"28","Vanquish"
"29","Essence"
"30","wulonggoth"
"31","heebs"
"32","lexx"
"33","benjay"
"34","T3"
"35","ceekay"
"36","prankmonkey"
"37","Calski"
"38","Trumpet"
"39","Raelen"
"40","kELlEr"
"41","deft"
"42","conor"
"43","Precious."
"44","dauq"
"45","Zaka"
"46","emgee"
"47","Elmo."
"48","ALT"
"49","darbs"
"50","namey"
"51","Gooseman"
"52","Sam."
"53","HERTZ"
"54","Spade"
"55","Raze"
"56","krollic"
"57","v4na"
"58","Dave"
"59","shy"
"60","samson"
"61","arandomdeaddude"
"62","redcoat"
"63","king carl"
"64","dogroll"
"65","scvr"
"66","tanking"
"67","kai"
"68","Phantom"
"69","john the asian"
"70","drat"
"71","D-Fault"
"72","JD"
"73","Geoh"
"74","Rising"
"75","Luggnuts"
"76","alibastor"
"77","sao"
"78","teejay"
"79","Michael"
"80","beni"
"81","matttt"
"82","Tesla"
"83","Mirimu"
"84","decap"
"85","Yop."
"86","quid"
"87","123beef"
"88","dubious"
"89","signedunknown"
"90","lock"
"91","starbucks"
"92","b25"
"93","ory"
"94","kure"
"95","iven"
"96","Sean"
"97","ohai"
"98","arnold"
"99","Sickday"
"100","Kodyn"
"101","faithless"
"102","pause"
"103","phosphor"
"104","counou"
"105","berko"
"106","ayr"
"107","lunar"
"108","Yui"
"109","Mack"
"110","snazzy"
"111","jacc"
"112","pav"
"113","Moop"
"114","munch"
"115","Johnny"
"116","/dev/zero"
"117","Delphinoid"
"118","hsr"
"119","weaponfire"
"120","monti"
"121","Ben"
"122","xander"
"123","durc"
"124","modus"
"125","Shifta"
"126","Madness"
"127","kpc"
"128","catfish"
"129","kanye"
"130","hyper"
"131","Pineapple lumps"
"132","mop"
"133","scandal"
"134","frhank"
"135","mad"
"136","whitemagic"
"137","thyme"
"138","disturbed"
"139","zildjian"
"140","blank"
"141","quest"
"142","Bunneez"
"143","encre"
"144","TheWiggin"
"145","Yauch"
"146","boen"
"147","ram"
"148","Halion"
"149","Big-Dad"
"150","razed"
"151","obla"
"152","kcaj"
"153","SoLe"
"154","melons"
"155","fwishy"
"156","scotch"
"157","Emerude"
"158","bird"
"159","Dorky"
"160","jen"
"161","Torque"
"162",".pandemiC"
"163","Dr.Awesome"
"164","crunk"
"165","himari"
"166","campbell"
"167","Ampersand"
"168","Caber"
"169","aclaivi"
"170","multi"
"171","explode"
"172","Paymh"
"173","sage"
"174","cos coa"
"175","zoek"
"176","lepingu"
"177","fk"
"178","Mio"
"179","pudding"
"180","twig"
"181","RaptR"
"182","rem"
"183","psyco"
"184","Azer"
"185","spj"
"186","johno"
"187","Gooch"
"188","ether-"
"189","abender"
"190","Madpie"
"191","apodyopsis"
"192","sadgasm"
"193","buddah"
"194","Beep"
"195","mac"
"196","gstar"
"197","jiho"
"198","Left"
"199","Toqoz"
"200","Bobbicals"
"201","davi"
"202","dev."
"203","spas"
"204","dvp"
"205","K13R7N"
"206","laan"
"207","Adobe"
"208","Dreams"
"209","gnat"
"210","atten"
"211","ollie"
"212","Roro"
"213","razor"
"214","shork"
"215","eggnormous"
"216","Fanatical"
"217","Hobbes"
"218","daft"
"219","phrax"
"220","skaz"
"221","jash"
"222","Hawk"
"223","tonberry"
"224","morphe"
"225","b4ne"
"226","sea anarchy"
"227","Jersh"
"228","bulk"
"229","tstm"
"230","Aqua"
"231","Dylie"
"232","smithsonian"
"233","wzrd"
"234","termo"
"235","aporia"
"236","face"
"237","yuki"
"238","pr1med"
"239","athena"
"240","render"
"241","whiscash"
"242","ckm"
"243","Mercyless"
"244","Dramz"
"245","Brutalix"
"246","ransibling"
"247","Tekk"
"248","eps"
"249","Jaybladezz"
"250","fresh"
"251","fear"
"252","cubby"
"253","shivy"
"254","oni"
"255","Zato"
"256","bonobo"
"257","homer"
"258","Smauglet"
"259","milky"
